page,requetes,imp,pos
http://czir62.fr/,18,138,7.5
https://www.czir62.fr/couvreur-bethune/,3,48,75.3
https://www.czir62.fr/,3,22,70.5
https://www.czir62.fr/reparation-toiture/,3,18,81.9
https://www.czir62.fr/contact/,3,15,42.6
https://www.czir62.fr/renovation-toiture/,3,15,91.7
https://www.czir62.fr/couvreur-lens/,5,14,68.5
https://www.czir62.fr/fuite-toiture/,1,14,79.7
https://www.czir62.fr/couvreur-lievin/,3,13,67.0
https://www.czir62.fr/devis/,3,12,88.7
https://www.czir62.fr/charpente/,2,4,37.5
https://www.czir62.fr/pose-velux/,3,3,38.7
https://www.czir62.fr/devis/?prestation=renovation-toiture,2,3,93.5
https://www.czir62.fr/couvreur-bruay-la-buissiere/,1,3,81.3
https://www.czir62.fr/couvreur-bully-les-mines/,2,3,15.8
https://www.czir62.fr/couvreur-beuvry/,2,2,38.5
https://www.czir62.fr/couvreur-auchel/,1,2,42.0
https://www.czir62.fr/couverture/,1,2,97.5
https://www.czir62.fr/couverture-metallique/,2,2,76.5
https://www.czir62.fr/bardage/,1,2,87.0
https://www.czir62.fr/zinguerie/,1,2,90.0
https://www.czir62.fr/demoussage-toiture/,1,1,51.0
https://www.czir62.fr/couvreur-barlin/,1,1,42.0
