url,verdict,coverageState,robotsTxtState,indexingState,pageFetchState,lastCrawlTime,userCanonical,googleCanonical,sitemap,referringUrls
https://www.czir62.fr/,PASS,Envoyée et indexée,ALLOWED,INDEXING_ALLOWED,SUCCESSFUL,2026-09-12T16:19:53Z,https://www.czir62.fr/,https://www.czir62.fr/,https://www.czir62.fr/sitemap-index.xml,https://www.czir62.fr/reparation-toiture/
https://www.czir62.fr/agrandissement-rehaussement/,PASS,Envoyée et indexée,ALLOWED,INDEXING_ALLOWED,SUCCESSFUL,2026-09-13T17:19:03Z,https://www.czir62.fr/agrandissement-rehaussement/,https://www.czir62.fr/agrandissement-rehaussement/,,https://www.czir62.fr/zinguerie/
https://www.czir62.fr/avis/,PASS,Envoyée et indexée,ALLOWED,INDEXING_ALLOWED,SUCCESSFUL,2026-09-13T00:21:37Z,https://www.czir62.fr/avis/,https://www.czir62.fr/avis/,,https://www.czir62.fr/zinguerie/
https://www.czir62.fr/bardage/,PASS,Envoyée et indexée,ALLOWED,INDEXING_ALLOWED,SUCCESSFUL,2026-09-13T01:30:01Z,https://www.czir62.fr/bardage/,https://www.czir62.fr/bardage/,,https://www.czir62.fr/zinguerie/
https://www.czir62.fr/charpente/,PASS,Envoyée et indexée,ALLOWED,INDEXING_ALLOWED,SUCCESSFUL,2026-09-13T02:25:27Z,https://www.czir62.fr/charpente/,https://www.czir62.fr/charpente/,,https://www.czir62.fr/avis/
https://www.czir62.fr/contact/,PASS,Envoyée et indexée,ALLOWED,INDEXING_ALLOWED,SUCCESSFUL,2026-09-13T20:14:27Z,https://www.czir62.fr/contact/,https://www.czir62.fr/contact/,,https://www.czir62.fr/couvreur-lievin/
https://www.czir62.fr/couverture-metallique/,PASS,Envoyée et indexée,ALLOWED,INDEXING_ALLOWED,SUCCESSFUL,2026-09-13T18:04:40Z,https://www.czir62.fr/couverture-metallique/,https://www.czir62.fr/couverture-metallique/,https://www.czir62.fr/sitemap-index.xml,https://www.czir62.fr/zinguerie/
https://www.czir62.fr/couverture/,PASS,Envoyée et indexée,ALLOWED,INDEXING_ALLOWED,SUCCESSFUL,2026-09-12T16:37:58Z,https://www.czir62.fr/couverture/,https://www.czir62.fr/couverture/,https://www.czir62.fr/sitemap-index.xml,
https://www.czir62.fr/couvreur-auchel/,PASS,Envoyée et indexée,ALLOWED,INDEXING_ALLOWED,SUCCESSFUL,2026-09-13T04:28:10Z,https://www.czir62.fr/couvreur-auchel/,https://www.czir62.fr/couvreur-auchel/,https://www.czir62.fr/sitemap-index.xml,https://www.czir62.fr/avis/
https://www.czir62.fr/couvreur-barlin/,PASS,Envoyée et indexée,ALLOWED,INDEXING_ALLOWED,SUCCESSFUL,2026-09-13T07:52:45Z,https://www.czir62.fr/couvreur-barlin/,https://www.czir62.fr/couvreur-barlin/,,https://www.czir62.fr/avis/
https://www.czir62.fr/couvreur-bethune/,PASS,Envoyée et indexée,ALLOWED,INDEXING_ALLOWED,SUCCESSFUL,2026-09-13T00:04:49Z,https://www.czir62.fr/couvreur-bethune/,https://www.czir62.fr/couvreur-bethune/,https://www.czir62.fr/sitemap-index.xml,https://www.czir62.fr/zinguerie/
https://www.czir62.fr/couvreur-beuvry/,PASS,Envoyée et indexée,ALLOWED,INDEXING_ALLOWED,SUCCESSFUL,2026-09-13T09:08:12Z,https://www.czir62.fr/couvreur-beuvry/,https://www.czir62.fr/couvreur-beuvry/,https://www.czir62.fr/sitemap-index.xml,https://www.czir62.fr/avis/
https://www.czir62.fr/couvreur-bruay-la-buissiere/,PASS,Envoyée et indexée,ALLOWED,INDEXING_ALLOWED,SUCCESSFUL,2026-09-13T00:48:31Z,https://www.czir62.fr/couvreur-bruay-la-buissiere/,https://www.czir62.fr/couvreur-bruay-la-buissiere/,https://www.czir62.fr/sitemap-index.xml,https://www.czir62.fr/reparation-toiture/
https://www.czir62.fr/couvreur-bully-les-mines/,PASS,Envoyée et indexée,ALLOWED,INDEXING_ALLOWED,SUCCESSFUL,2026-09-12T22:44:12Z,https://www.czir62.fr/couvreur-bully-les-mines/,https://www.czir62.fr/couvreur-bully-les-mines/,,https://www.czir62.fr/zinguerie/
https://www.czir62.fr/couvreur-lens/,PASS,Envoyée et indexée,ALLOWED,INDEXING_ALLOWED,SUCCESSFUL,2026-09-13T05:58:29Z,https://www.czir62.fr/couvreur-lens/,https://www.czir62.fr/couvreur-lens/,,https://www.czir62.fr/avis/
https://www.czir62.fr/couvreur-lievin/,PASS,Envoyée et indexée,ALLOWED,INDEXING_ALLOWED,SUCCESSFUL,2026-09-13T04:47:15Z,https://www.czir62.fr/couvreur-lievin/,https://www.czir62.fr/couvreur-lievin/,,https://www.czir62.fr/avis/
https://www.czir62.fr/couvreur-lillers/,PASS,Envoyée et indexée,ALLOWED,INDEXING_ALLOWED,SUCCESSFUL,2026-09-13T13:12:07Z,https://www.czir62.fr/couvreur-lillers/,https://www.czir62.fr/couvreur-lillers/,,https://www.czir62.fr/zinguerie/
https://www.czir62.fr/couvreur-noeux-les-mines/,PASS,Envoyée et indexée,ALLOWED,INDEXING_ALLOWED,SUCCESSFUL,2026-09-12T22:16:16Z,https://www.czir62.fr/couvreur-noeux-les-mines/,https://www.czir62.fr/couvreur-noeux-les-mines/,,https://www.czir62.fr/reparation-toiture/
https://www.czir62.fr/demoussage-toiture/,PASS,Envoyée et indexée,ALLOWED,INDEXING_ALLOWED,SUCCESSFUL,2026-09-13T01:36:25Z,https://www.czir62.fr/demoussage-toiture/,https://www.czir62.fr/demoussage-toiture/,https://www.czir62.fr/sitemap-index.xml,https://www.czir62.fr/zinguerie/
https://www.czir62.fr/devis/,PASS,Envoyée et indexée,ALLOWED,INDEXING_ALLOWED,SUCCESSFUL,2026-09-14T18:46:13Z,https://www.czir62.fr/devis/,https://www.czir62.fr/devis/,https://www.czir62.fr/sitemap-index.xml,"https://www.czir62.fr/devis/?prestation=renovation-toiture, https://www.czir62.fr/avis/"
https://www.czir62.fr/entreprise/,PASS,Envoyée et indexée,ALLOWED,INDEXING_ALLOWED,SUCCESSFUL,2026-09-25T09:30:13Z,https://www.czir62.fr/entreprise/,https://www.czir62.fr/entreprise/,,https://www.czir62.fr/couvreur-beuvry/
https://www.czir62.fr/etancheite-toiture-terrasse/,PASS,Envoyée et indexée,ALLOWED,INDEXING_ALLOWED,SUCCESSFUL,2026-09-13T06:02:02Z,https://www.czir62.fr/etancheite-toiture-terrasse/,https://www.czir62.fr/etancheite-toiture-terrasse/,https://www.czir62.fr/sitemap-index.xml,https://www.czir62.fr/reparation-toiture/
https://www.czir62.fr/fuite-toiture/,PASS,Envoyée et indexée,ALLOWED,INDEXING_ALLOWED,SUCCESSFUL,2026-09-13T01:47:57Z,https://www.czir62.fr/fuite-toiture/,https://www.czir62.fr/fuite-toiture/,,https://www.czir62.fr/reparation-toiture/
https://www.czir62.fr/ossature-bois/,NEUTRAL,"Détectée, actuellement non indexée",ROBOTS_TXT_STATE_UNSPECIFIED,INDEXING_STATE_UNSPECIFIED,PAGE_FETCH_STATE_UNSPECIFIED,,,,https://www.czir62.fr/sitemap-index.xml,https://www.czir62.fr/zinguerie/
https://www.czir62.fr/outils/,PASS,Envoyée et indexée,ALLOWED,INDEXING_ALLOWED,SUCCESSFUL,2026-09-13T19:42:52Z,https://www.czir62.fr/outils/,https://www.czir62.fr/outils/,,"https://www.czir62.fr/charpente/, https://www.czir62.fr/reparation-toiture/"
https://www.czir62.fr/pose-velux/,PASS,Envoyée et indexée,ALLOWED,INDEXING_ALLOWED,SUCCESSFUL,2026-09-13T01:27:54Z,https://www.czir62.fr/pose-velux/,https://www.czir62.fr/pose-velux/,https://www.czir62.fr/sitemap-index.xml,https://www.czir62.fr/zinguerie/
https://www.czir62.fr/prestations/,PASS,Envoyée et indexée,ALLOWED,INDEXING_ALLOWED,SUCCESSFUL,2026-09-13T14:34:43Z,https://www.czir62.fr/prestations/,https://www.czir62.fr/prestations/,https://www.czir62.fr/sitemap-index.xml,https://www.czir62.fr/couvreur-lievin/
https://www.czir62.fr/prix-toiture/,PASS,Envoyée et indexée,ALLOWED,INDEXING_ALLOWED,SUCCESSFUL,2026-09-12T16:27:55Z,https://www.czir62.fr/prix-toiture/,https://www.czir62.fr/prix-toiture/,,https://www.czir62.fr/avis/
https://www.czir62.fr/realisations/,PASS,Envoyée et indexée,ALLOWED,INDEXING_ALLOWED,SUCCESSFUL,2026-09-13T01:58:16Z,https://www.czir62.fr/realisations/,https://www.czir62.fr/realisations/,,https://www.czir62.fr/avis/
https://www.czir62.fr/renovation-toiture/,PASS,Envoyée et indexée,ALLOWED,INDEXING_ALLOWED,SUCCESSFUL,2026-09-13T19:04:28Z,https://www.czir62.fr/renovation-toiture/,https://www.czir62.fr/renovation-toiture/,,https://www.czir62.fr/reparation-toiture/
https://www.czir62.fr/reparation-toiture/,PASS,Envoyée et indexée,ALLOWED,INDEXING_ALLOWED,SUCCESSFUL,2026-09-13T03:55:03Z,https://www.czir62.fr/reparation-toiture/,https://www.czir62.fr/reparation-toiture/,,https://www.czir62.fr/avis/
https://www.czir62.fr/zinguerie/,PASS,Envoyée et indexée,ALLOWED,INDEXING_ALLOWED,SUCCESSFUL,2026-09-12T22:25:00Z,https://www.czir62.fr/zinguerie/,https://www.czir62.fr/zinguerie/,,https://www.czir62.fr/reparation-toiture/
https://www.czir62.fr/zone-intervention/,PASS,Envoyée et indexée,ALLOWED,INDEXING_ALLOWED,SUCCESSFUL,2026-09-12T22:16:14Z,https://www.czir62.fr/zone-intervention/,https://www.czir62.fr/zone-intervention/,https://www.czir62.fr/sitemap-index.xml,https://www.czir62.fr/reparation-toiture/
http://czir62.fr/,NEUTRAL,Page avec redirection,ALLOWED,INDEXING_ALLOWED,SUCCESSFUL,2026-09-12T16:19:53Z,https://www.czir62.fr/,https://www.czir62.fr/,,https://www.czir62.fr/
https://czir62.fr/,NEUTRAL,Page avec redirection,ALLOWED,INDEXING_ALLOWED,SUCCESSFUL,2026-09-12T16:19:53Z,https://www.czir62.fr/,https://www.czir62.fr/,,"https://www.czir62.fr/, https://www.enzoprat.fr/realisations/czir62, http://czir62.fr/"
